title;description;technologies;category;github;demo;image;featured
To-Do App Web;A Streamlit-based To-Do web application that allows users to add, track, and remove tasks while persisting the task list in a text file.;Python, Streamlit;Python / Web Development;https://github.com/AKatheFlame/To-Do-app-web;;1.png;false
Excel To Invoice;A Python automation tool that reads invoice data from Excel spreadsheets and generates formatted PDF invoices containing invoice details, product information, and calculated totals.;Python, Pandas, FPDF2, Excel, openpyxl;Python / Automation;https://github.com/AKatheFlame/Excel_To_Invoice;;4.png;false
PDF Template Generator;A Python utility that reads topics and page counts from a CSV file and automatically generates a multi-page A4 PDF template with topic headings, footers, and writing lines.;Python, Pandas, FPDF2;Python / Automation;https://github.com/AKatheFlame/PDF_template;;3.png;false
Book Analysis App;A Python Natural Language Processing project that analyzes a book using word-frequency analysis, stopword removal, and chapter-level sentiment analysis.;Python, NLTK, NLP, Regex, VADER;NLP / Data Analysis;https://github.com/AKatheFlame/Book_Analysis;;OIP.jpg;false
Webcam Detection;A real-time computer vision application that detects significant movement through a webcam, captures images of detected activity, and sends the captured image by email when the movement ends.;Python, OpenCV, Computer Vision, SMTP, Multithreading;Computer Vision;https://github.com/AKatheFlame/Webcam-Detection;;11.png;false
News To Email;A Python automation project that retrieves recent news articles for a selected topic through NewsAPI, formats the results into an email digest, and sends it through Gmail SMTP.;Python, Requests, NewsAPI, SMTP, JSON;API / Automation;https://github.com/AKatheFlame/News_To_Email;;5.png;false
Web Scraping;A Python web scraping and monitoring application that periodically extracts tour information from a webpage, detects new entries, stores previously seen results, and sends an email notification when new data is found.;Python, Requests, SelectorLib, Web Scraping, SMTP;Python / Automation;https://github.com/AKatheFlame/Web_Scraping;;8.png;false
Weather API;A Flask-based REST API that provides historical temperature data for weather stations, with endpoints for retrieving measurements by date, station, or year.;Python, Flask, Pandas, REST API, HTML;API / Applications;https://github.com/AKatheFlame/Weather_API;;6.png;false
Weather Data App;A Streamlit weather forecasting application that retrieves forecast data from OpenWeatherMap and visualizes upcoming temperatures and sky conditions for a selected location.;Python, Streamlit, OpenWeatherMap API, Requests, Plotly;Data Visualization;https://github.com/AKatheFlame/Weather_Data_App;;image.png;false
